{
	"format_version": "1.8.0",
	"animations": {
		"animation.rat_in_bar_crafting_cigarettes.craft_cigarette": {
			"loop": true,
			"animation_length": 10.125,
			"bones": {
				"arm_r": {
					"rotation": {
						"0.0": [0, 0, 0],
						"0.375": [4.47509, 20.12666, -4.1647],
						"1.75": [4.47509, 20.12666, -4.1647],
						"2.125": [-0.66934, 23.40529, 12.55028],
						"2.625": [-9.36, 21.92, 11.75],
						"3.0": [-28.24289, 23.16017, 9.44903],
						"3.7917": [-28.24289, 23.16017, 9.44903],
						"4.375": [3.7255, 13.9463, 11.3831],
						"5.625": [3.73, 13.95, 11.38],
						"5.9167": [7.97371, 21.10381, 43.23297],
						"8.0417": [7.97, 21.1, 43.23],
						"8.75": [-25.68195, 52.63752, 24.33198],
						"9.25": [-25.68195, 52.63752, 24.33198],
						"9.5833": [-18.78407, 38.47743, -17.53689],
						"9.8333": [-18.78407, 38.47743, -17.53689],
						"10.125": [0, 0, 0]
					}
				},
				"hand1": {
					"rotation": {
						"0.0": [0, 0, 0],
						"1.7917": [0, 0, 0],
						"2.125": [1.26041, -4.6958, 1.97021],
						"2.5833": [1.26041, -4.6958, 1.97021],
						"3.0": [40.07049, -21.32663, -36.98046],
						"3.7917": [40.07049, -21.32663, -36.98046],
						"7.25": [40.07, -21.33, -36.98],
						"7.4583": [46.56812, -23.66532, -43.14752],
						"7.7083": [40.07, -21.33, -36.98],
						"7.9583": [46.56812, -23.66532, -43.14752],
						"8.125": [40.07, -21.33, -36.98],
						"8.4167": [40.07, -21.33, -36.98],
						"8.8333": [33.243, -18.77477, -7.69739],
						"9.2917": [33.24, -18.77, -7.7],
						"9.5833": [55.20759, -65.05911, 32.49989],
						"9.8333": [55.20759, -65.05911, 32.49989],
						"10.125": [0, 0, 0]
					}
				},
				"arm_l": {
					"rotation": {
						"0.0": [0, 0, 0],
						"0.375": [13.80325, 12.17687, 25.14707],
						"1.5417": [13.80325, 12.17687, 25.14707],
						"2.0": [2.72142, 13.43807, 15.36125],
						"2.875": {
							"pre": [-4.90352, 9.96288, 7.83255],
							"post": [-4.90352, 9.96288, 7.83255],
							"lerp_mode": "catmullrom"
						},
						"4.375": [13.80325, 12.17687, 25.14707],
						"4.625": [31.8644, 3.22039, 27.5978],
						"5.7917": [31.86, 3.22, 27.6],
						"6.6667": {
							"pre": [-10.56992, 0.3011, -29.13587],
							"post": [-10.56992, 0.3011, -29.13587],
							"lerp_mode": "catmullrom"
						},
						"6.9583": [-10.48098, 21.51725, 17.99059],
						"7.375": [2.43708, 39.08988, 34.58808],
						"7.7083": [2.43708, 39.08988, 34.58808],
						"8.0833": {
							"pre": [0, 0, 0],
							"post": [0, 0, 0],
							"lerp_mode": "catmullrom"
						},
						"10.125": [0, 0, 0]
					}
				},
				"hand2": {
					"rotation": {
						"0.0": [0, 0, 0],
						"0.375": [-8.92041, 1.78494, -4.29887],
						"0.8333": [-20.22987, 3.03708, -9.98191],
						"1.0": [-8.92041, 1.78494, -4.29887],
						"1.4167": [-20.22987, 3.03708, -9.98191],
						"1.5833": [-8.92041, 1.78494, -4.29887],
						"4.375": [-1.33409, -18.67118, -22.33139],
						"4.625": [-46.10785, -15.58301, -23.89919],
						"4.8333": [-49.05813, -6.6275, -19.935],
						"5.0417": [-46.10785, -15.58301, -23.89919],
						"5.2083": [-49.05813, -6.6275, -19.935],
						"5.3333": [-46.10785, -15.58301, -23.89919],
						"5.7917": [-46.11, -15.58, -23.9],
						"6.6667": [28.07, -12.94, -6.6],
						"6.9583": [7.20998, -11.37312, -11.60099],
						"7.125": [-1.47532, 5.51062, 18.40264],
						"7.375": [0.07803, 7.25755, 17.67943],
						"7.625": [0.07803, 7.25755, 17.67943],
						"10.125": [0, 0, 0]
					}
				},
				"head": {
					"rotation": {
						"0.0": [15.34007, 3.21132, 12.08681],
						"1.7917": [15.34, 3.21, 12.09],
						"2.125": {
							"pre": [2.10437, 18.12113, -22.38656],
							"post": [2.10437, 18.12113, -22.38656],
							"lerp_mode": "catmullrom"
						},
						"2.5": [2.10437, 18.12113, -22.38656],
						"2.75": [2.21176, 2.41589, 9.89344],
						"3.1667": [2.97, 2.46, 10.02],
						"3.5": {
							"pre": [7.89543, 1.58203, 10.19381],
							"post": [7.89543, 1.58203, 10.19381],
							"lerp_mode": "catmullrom"
						},
						"3.7917": [2.97, 2.46, 10.02],
						"4.375": [11.87534, -19.01352, 24.36139],
						"5.5417": [11.88, -19.01, 24.36],
						"5.9167": [5.04042, 23.94258, -37.94557],
						"6.8333": [5.04, 23.94, -37.95],
						"7.4583": [5.55326, 16.90026, -24.0535],
						"8.0833": [5.55326, 16.90026, -24.0535],
						"8.7917": [-0.26157, -7.53164, 6.4581],
						"9.25": [-0.26157, -7.53164, 6.4581],
						"10.125": [15.34007, 3.21132, 12.08681]
					}
				}
			}
		}
	}
}