{
	"format_version": "1.8.0",
	"animations": {
		"animation.rat_in_bar_with_drum.play_and_dance": {
			"loop": true,
			"animation_length": 0.8333,
			"bones": {
				"arm_r": {
					"rotation": {
						"0.0": [40.90369, 0.10563, -40.23934],
						"0.7083": [-64.77924, 50.85195, 59.10793],
						"0.8333": [40.90369, 0.10563, -40.23934]
					}
				},
				"arm_l": {
					"rotation": {
						"0.0": [-36.99903, -30.03383, -32.35252],
						"0.2083": [-45.32271, -54.00177, -36.59739],
						"0.3333": [33.7632, 3.97134, 32.52642],
						"0.8333": [-36.99903, -30.03383, -32.35252]
					}
				},
				"head": {
					"rotation": ["-math.sin(query.anim_time * 880) * 10 ", "math.sin(query.anim_time * 440) * 5", "-math.sin(query.anim_time * 440) * 3 "]
				},
				"l_ear": {
					"rotation": [0, 0, "-math.sin(query.anim_time * 880 - 90) * 10 "]
				},
				"r_ear": {
					"rotation": [0, 0, "math.sin(query.anim_time * 880 - 90) * 10 "]
				},
				"drum": {
					"rotation": {
						"0.0": [0, 0, 0],
						"0.0417": [0, 0, -2.5],
						"0.0833": [0, 0, 0],
						"0.3333": [0, 0, 0],
						"0.375": [0, 0, 2.5],
						"0.4167": [0, 0, 0]
					}
				}
			}
		}
	}
}