{
	"format_version": "1.8.0",
	"animations": {
		"animation.humanoid.strapon.default": {
			"animation_length": 14.6667,
			"bones": {
				"rightArm": {
					"rotation": {
						"0.0": [0, 0, 0],
						"0.75": [-43.70748, -81.23079, 34.34474],
						"1.2083": [-142.76342, -81.39238, 126.56157],
						"3.2083": [-184.07679, -70.6025, 154.11892],
						"5.1667": [-184.08, -70.6, 154.12],
						"5.9167": [-179.08, -70.6, 154.12],
						"8.1667": [-179.08, -70.6, 154.12],
						"8.4167": [-176.58, -70.6, 154.12],
						"8.6667": [-179.08, -70.6, 154.12],
						"8.9167": [-176.58, -70.6, 154.12],
						"9.1667": [-179.08, -70.6, 154.12],
						"9.4167": [-176.58, -70.6, 154.12],
						"9.6667": [-179.08, -70.6, 154.12],
						"9.9167": [-176.58, -70.6, 154.12],
						"10.125": [-179.08, -70.6, 154.12],
						"10.375": [-176.58, -70.6, 154.12],
						"10.625": [-179.08, -70.6, 154.12],
						"10.875": [-176.58, -70.6, 154.12],
						"11.6667": [-176.58, -70.6, 154.12],
						"12.7917": {
							"pre": [-169.08, -70.6, 154.12],
							"post": [-169.08, -70.6, 154.12],
							"lerp_mode": "catmullrom"
						},
						"13.875": {
							"post": [-27.69529, -35.92451, 22.53256],
							"lerp_mode": "catmullrom"
						},
						"14.125": [0, 0, 0]
					},
					"position": {
						"0.0": [0, 0, 0],
						"0.75": [0, -10, 0.725],
						"1.2083": [0, -10, 0.725],
						"3.0": [-0.83895, -7.20126, -0.61732],
						"3.0417": [-0.94262, -6.85541, -0.7832],
						"3.0833": [-1.04165, -6.52505, -0.94164],
						"3.125": [-1.13278, -6.22103, -1.08746],
						"3.1667": [-1.20935, -5.96562, -1.20995],
						"3.2083": [-1.25, -5.83, -1.275],
						"5.1667": [-1.25, -6.33, -1.25],
						"5.9167": [-1.25, -8.08, -1.5],
						"6.6667": [-1.25, -10.605, -1.5],
						"6.7083": [-1.25, -10.39475, -1.5],
						"6.75": [-1.25, -9.97564, -1.5],
						"6.7917": [-1.25, -9.46474, -1.5],
						"6.8333": [-1.25, -8.90438, -1.5],
						"6.875": [-1.25, -8.31692, -1.5],
						"6.9583": [-1.25, -7.1176, -1.5],
						"7.0": [-1.25, -6.53016, -1.5],
						"7.0417": [-1.25, -5.96982, -1.5],
						"7.0833": [-1.25, -5.45898, -1.5],
						"7.125": [-1.25, -5.03997, -1.5],
						"7.1667": [-1.25, -4.83, -1.5],
						"7.7083": [-1.25, -5.22604, -1.63657],
						"8.0833": [-1.25, -5.5137, -1.73576],
						"8.1667": [-1.25, -5.555, -1.75],
						"8.2083": [-1.25, -5.82305, -1.75],
						"8.25": [-1.25, -6.622, -1.75],
						"8.3333": [-1.25, -8.963, -1.75],
						"8.375": [-1.25, -9.76195, -1.75],
						"8.4167": {
							"pre": [-1.25, -10.03, -1.75],
							"post": [-1.25, -10.03, -1.75],
							"lerp_mode": "catmullrom"
						},
						"8.6667": {
							"post": [-1.25, -6.83, -2],
							"lerp_mode": "catmullrom"
						},
						"8.9167": {
							"post": [-1.25, -10.455, -1.75],
							"lerp_mode": "catmullrom"
						},
						"9.1667": {
							"post": [-1.25, -7.23, -1.5],
							"lerp_mode": "catmullrom"
						},
						"9.4167": {
							"post": [-1.25, -10.255, -1.75],
							"lerp_mode": "catmullrom"
						},
						"9.6667": {
							"post": [-1.25, -6.78, -1.5],
							"lerp_mode": "catmullrom"
						},
						"9.9167": {
							"post": [-1.25, -9.68, -1.5],
							"lerp_mode": "catmullrom"
						},
						"10.125": {
							"post": [-1.25, -7.08, -1.5],
							"lerp_mode": "catmullrom"
						},
						"10.375": {
							"post": [-1.25, -10.83, -2],
							"lerp_mode": "catmullrom"
						},
						"10.625": {
							"post": [-1.25, -5.83, -2],
							"lerp_mode": "catmullrom"
						},
						"10.6667": [-1.25, -6.0097, -1.98503],
						"10.7083": [-1.25, -6.54531, -1.94039],
						"10.7917": [-1.25, -8.11469, -1.80961],
						"10.8333": [-1.25, -8.6503, -1.76497],
						"10.875": [-1.25, -8.83, -1.75],
						"10.9167": [-1.25, -8.66212, -1.73881],
						"10.9583": [-1.25, -8.28085, -1.71339],
						"11.0": [-1.25, -7.78779, -1.68052],
						"11.0417": [-1.25, -7.23838, -1.64389],
						"11.0833": [-1.25, -6.67162, -1.60611],
						"11.125": [-1.25, -6.12221, -1.56948],
						"11.1667": [-1.25, -5.62915, -1.53661],
						"11.2083": [-1.25, -5.24788, -1.51119],
						"11.25": [-1.25, -5.08, -1.5],
						"11.6667": [-1.25, -5.08, -1.25],
						"12.7917": {
							"pre": [-1.25, -11.08, -1.5],
							"post": [-1.25, -11.08, -1.5],
							"lerp_mode": "catmullrom"
						},
						"13.2917": {
							"post": [-1.25, -11.08, -0.5],
							"lerp_mode": "catmullrom"
						},
						"14.125": [0, 0, 0]
					}
				},
				"head": {
					"rotation": {
						"0.0": [0, 0, 0],
						"0.25": [37.5, 0, 0],
						"0.625": [47.5, 0, 0],
						"2.9583": [60, 0, 0],
						"3.375": [22.5, 0, 0],
						"3.875": [17.5, 0, 0],
						"4.3333": [15, 0, 0],
						"4.75": [59.75742, -5.73853, 4.83711],
						"5.5833": [67.2574, -5.73853, 4.83711],
						"6.9167": [59.75742, -5.73853, 4.83711],
						"7.25": [-45.1468, -16.58706, 2.12436],
						"7.4167": [-45.15, -16.59, 2.12],
						"8.5417": [2.25608, 3.39418, 2.92496],
						"8.8333": [-22.74392, 3.39418, 2.92496],
						"10.7083": [12.26, 3.39, 2.92],
						"11.5417": [77.26, 3.39, 2.92],
						"13.4167": [77.26, 3.39, 2.92],
						"14.1667": [0, 0, 0]
					}
				},
				"rightItem": {
					"rotation": {
						"0.4167": [0, 0, 0],
						"0.625": [-37.5, 0, 0],
						"13.3333": [-37.5, 0, 0],
						"13.5417": [0, 0, 0]
					}
				},
				"leftArm": {
					"rotation": {
						"0.0": [0, 0, 0],
						"2.6667": [-9.25249, 3.81024, 14.69157],
						"13.0833": [-9.25, 3.81, 14.69],
						"13.6667": [0, 0, 0]
					},
					"position": [0, 0, 0]
				},
				"rightLeg": {
					"rotation": {
						"0.0": [0, 0, 0],
						"0.375": {
							"pre": [0, 17.5, 0],
							"post": [0, 17.5, 0],
							"lerp_mode": "catmullrom"
						},
						"0.4167": [-0.00698, 17.49248, 0.38282],
						"0.4583": [-0.02391, 17.47423, 1.31099],
						"0.5": [-0.0465, 17.44988, 2.54955],
						"0.5833": [-0.09686, 17.3956, 5.31104],
						"0.625": [-0.11945, 17.37126, 6.54942],
						"0.6667": [-0.13637, 17.35302, 7.47726],
						"0.7083": [-0.14334, 17.34551, 7.85952],
						"3.125": [-0.14318, 17.34573, 7.85954],
						"3.6667": [-0.14301, 17.34596, 7.85957],
						"4.2083": [-0.14284, 17.34618, 7.85959],
						"4.75": [-0.14267, 17.34641, 7.85962],
						"5.2917": [-0.1425, 17.34664, 7.85964],
						"5.8333": [-0.14232, 17.34688, 7.85967],
						"6.375": [-0.14215, 17.34711, 7.85969],
						"6.9167": [-0.14198, 17.34734, 7.85972],
						"7.4583": [-0.14181, 17.34757, 7.85974],
						"8.0": [-0.14164, 17.3478, 7.85976],
						"8.5417": [-0.14147, 17.34803, 7.85979],
						"9.0833": [-0.14129, 17.34826, 7.85981],
						"9.625": [-0.14112, 17.34849, 7.85984],
						"10.1667": [-0.14095, 17.34872, 7.85986],
						"10.7083": [-0.14078, 17.34895, 7.85989],
						"11.25": [-0.14061, 17.34918, 7.85991],
						"11.7917": [-0.14044, 17.34941, 7.85994],
						"12.3333": [-0.14027, 17.34964, 7.85996],
						"12.875": [-0.1401, 17.34987, 7.85999],
						"13.2083": [-0.14, 17.35, 7.86],
						"13.9167": [0, 0, 0]
					}
				},
				"leftLeg": {
					"rotation": {
						"0.0": [0, 0, 0],
						"0.375": {
							"pre": [0, -17.5, 0],
							"post": [0, -17.5, 0],
							"lerp_mode": "catmullrom"
						},
						"0.4167": [-0.07155, -17.88596, -0.40319],
						"0.4583": [-0.24501, -18.82174, -1.38075],
						"0.5": [-0.47649, -20.07046, -2.68523],
						"0.5833": [-0.99259, -22.85459, -5.59367],
						"0.625": [-1.22403, -24.10313, -6.89796],
						"0.6667": [-1.39744, -25.03858, -7.87518],
						"0.7083": [-1.46888, -25.42397, -8.27778],
						"3.125": [-1.46893, -25.42378, -8.27789],
						"3.6667": [-1.46899, -25.42358, -8.278],
						"4.2083": [-1.46905, -25.42337, -8.27811],
						"4.75": [-1.46911, -25.42317, -8.27823],
						"5.2917": [-1.46916, -25.42297, -8.27834],
						"5.8333": [-1.46922, -25.42276, -8.27846],
						"6.375": [-1.46928, -25.42256, -8.27857],
						"6.9167": [-1.46934, -25.42235, -8.27868],
						"7.4583": [-1.46939, -25.42215, -8.2788],
						"8.0": [-1.46945, -25.42195, -8.27891],