{
	"format_version": "1.8.0",
	"animations": {
		"animation.arx.wand_a_a": {
			"animation_length": 1.2917,
			"bones": {
				"rightArm": {
					"rotation": {
						"0.0": [0, 0, 0],
						"0.2083": {
							"pre": [-29.25748, 22.27131, 13.01687],
							"post": [-29.25748, 22.27131, 13.01687],
							"lerp_mode": "catmullrom"
						},
						"0.5417": [-115.08983, -7.81979, 30.74562],
						"0.625": [-126.68477, 9.14487, -7.96929],
						"0.6667": [-130.64197, 14.93469, -21.18218],
						"0.7083": [-131.96961, 16.87717, -25.6151],
						"0.75": [-127.43488, 16.29723, -24.73492],
						"0.7917": [-118.67113, 15.17647, -23.03389],
						"0.8333": [-108.12636, 13.82793, -20.98716],
						"0.875": [-96.61794, 12.35616, -18.7534],
						"0.9167": [-84.55738, 10.81377, -16.41246],
						"1.0417": [-47.41222, 6.0634, -9.20264],
						"1.0833": [-35.35167, 4.52101, -6.86171],
						"1.125": [-23.84325, 3.04924, -4.62794],
						"1.1667": [-13.29847, 1.7007, -2.58121],
						"1.2083": [-4.53473, 0.57993, -0.88018],
						"1.25": {
							"pre": [0, 0, 0],
							"post": [0, 0, 0],
							"lerp_mode": "catmullrom"
						}
					}
				},
				"rightItem2": {
					"rotation": {
						"0.0": [0, 0, 0],
						"0.2083": [155, 0, 0],
						"0.875": [155, 0, 0],
						"1.2917": [0, 0, 0]
					}
				},
				"leftArm": {
					"rotation": {
						"0.0": [0, 0, 0],
						"0.375": [10, 0, 0],
						"0.5417": [17.35932, 2.24944, -7.15656],
						"1.125": [0, 0, 0]
					}
				},
				"rightItem": {
					"rotation": {
						"0.2083": [0, 0, 0],
						"0.4583": [35, 0, 0],
						"0.75": [35, 0, 0],
						"1.0417": [0, 0, 0]
					}
				}
			}
		},
		"animation.arx.wand_a_b": {
			"animation_length": 1.9167,
			"bones": {
				"rightArm": {
					"rotation": {
						"0.0": [0, 0, 0],
						"0.0417": [-5.1985, 0.25268, 0.81513],
						"0.0833": [-17.80185, 0.86527, 2.79134],
						"0.125": [-34.61953, 1.68271, 5.42837],
						"0.2083": [-72.11681, 3.50529, 11.30797],
						"0.25": [-88.93449, 4.32273, 13.94499],
						"0.2917": [-101.53784, 4.93532, 15.92121],
						"0.3333": [-106.73634, 5.188, 16.73634],
						"0.375": [-106.74717, 5.14919, 16.60765],
						"0.4167": [-106.77578, 5.04664, 16.26763],
						"0.5": [-106.94, 4.46, 14.34],
						"0.5417": [-108.35665, 2.49218, 15.02537],
						"0.5833": [-111.79121, -2.27863, 16.68698],
						"0.625": [-116.37421, -8.64471, 18.90422],
						"0.7083": [-126.59265, -22.83875, 23.84783],
						"0.75": [-131.17566, -29.20484, 26.06506],
						"0.7917": [-134.61021, -33.97565, 27.72668],
						"0.8333": {
							"pre": [-136.02686, -35.94346, 28.41205],
							"post": [-136.02686, -35.94346, 28.41205],
							"lerp_mode": "catmullrom"
						},
						"1.125": {
							"post": [-140.10469, 28.28858, -29.54836],
							"lerp_mode": "catmullrom"
						},
						"1.375": [0, 0, 0]
					}
				},
				"rightItem2": {
					"rotation": {
						"0.0": [0, 0, 0],
						"0.375": [70, 0, 0],
						"1.375": [70, 0, 0],
						"1.9167": [0, 0, 0]
					}
				},
				"rightItem": {
					"rotation": {
						"0.0": [0, 0, 0],
						"0.4167": [40, 0, 0],
						"1.0833": [40, 0, 0],
						"1.2917": [0, 0, 0]
					}
				}
			}
		},
		"animation.arx.wand_a_c": {
			"animation_length": 1.4167,
			"bones": {
				"leftArm": {
					"rotation": {
						"0.0": [0, 0, 0],
						"0.0417": [-2.79343, 1.55035, 1.10486],
						"0.0833": [-10.17455, 5.64688, 4.02425],
						"0.125": [-20.43907, 11.34369, 8.08408],
						"0.1667": [-31.68804, 17.58688, 12.53329],
						"0.2083": [-41.95256, 23.28369, 16.59312],
						"0.25": [-49.33368, 27.38022, 19.51251],
						"0.2917": [-52.12711, 28.93057, 20.61737],
						"0.3333": [-53.10119, 28.93057, 20.61737],
						"0.375": [-55.46278, 28.93057, 20.61737],
						"0.4167": [-58.61403, 28.93057, 20.61737],
						"0.5": [-65.64018, 28.93057, 20.61737],
						"0.5417": [-68.79144, 28.93057, 20.61737],
						"0.5833": [-71.15303, 28.93057, 20.61737],
						"0.625": [-72.12711, 28.93057, 20.61737],
						"0.6667": [-69.38698, 26.70489, 19.07452],
						"0.7083": [-62.74376, 21.30891, 15.33401],
						"0.75": [-53.87916, 14.1086, 10.34274],
						"0.8333": [-34.11434, -1.94544, -0.78596],
						"0.875": [-25.24974, -9.14575, -5.77723],
						"0.9167": [-18.60652, -14.54173, -9.51774],
						"0.9583": {
							"pre": [-15.86639, -16.76741, -11.06058],
							"post": [-15.86639, -16.76741, -11.06058],
							"lerp_mode": "catmullrom"
						},
						"1.4167": [0, 0, 0]
					}
				},
				"rightArm": {
					"rotation": {
						"0.0": [0, 0, 0],
						"0.0417": [-2.66588, -1.0498, -0.84926],
						"0.0833": [-9.70998, -3.8237, -3.09326],
						"0.125": [-19.50584, -7.68121, -6.21388],
						"0.1667": [-30.24119, -11.90869, -9.63378],
						"0.2083": [-40.03704, -15.76621, -12.7544],
						"0.25": [-47.08114, -18.54011, -14.9984],
						"0.2917": [-49.74702, -19.58991, -15.84766],
						"0.3333": [-50.96463, -19.58991, -15.84766],
						"0.375": [-53.91661, -19.58991, -15.84766],
						"0.4167": [-57.85568, -19.58991, -15.84766],
						"0.5": [-66.63837, -19.58991, -15.84766],
						"0.5417": [-70.57744, -19.58991, -15.84766],
						"0.5833": [-73.52942, -19.58991, -15.84766],
						"0.625": [-74.74702, -19.58991, -15.84766],
						"0.6667": [-76.44578, -18.98396, -13.41331],
						"0.7083": [-80.56426, -17.51488, -7.51143],
						"0.75": [-86.05989, -15.55456, 0.36394],
						"0.8333": [-98.31314, -11.18378, 17.92312],
						"0.875": [-103.80878, -9.22346, 25.79849],
						"0.9167": [-107.92726, -7.75439, 31.70037],
						"0.9583": [-109.62601, -7.14843, 34.13471],
						"1.25": [-116.53057, 41.73323, 13.20482],
						"1.4167": [0, 0, 0]
					}
				},
				"rightItem2": {
					"rotation": {
						"0.0": [0, 0, 0],
						"0.5417": [0, 0, 0],
						"0.75": [105, 0, 0],
						"1.1667": [105, 0, 0],
						"1.4167": [0, 0, 0]
					}
				},
				"rightItem": {
					"rotation": {
						"0.5833": [0, 0, 0],
						"0.8333": [25, 0, 0],
						"1.25": [25, 0, 0],
						"1.4167": [0, 0, 0]
					}
				}
			}
		},
		"animation.arx.wand_b_a": {
			"animation_length": 0.5833,
			"bones": {
				"rightArm": {
					"rotation": {
						"0.0": [0, 0, 0],
						"0.2083": {
							"pre": [-53.67491, -1.14819, 22.79121],
							"post": [-53.67491, -1.14819, 22.79121],
							"lerp_mode": "catmullrom"
						},
						"0.4167": [-51.32768, -20.53893, 18.19659],
						"0.5833": [0, 0, 0]
					}
				}
			}
		}
	}
}