{
	"format_version": "1.8.0",
	"animations": {
		"animation.cultist_warrior_rat.attack_slash": {
			"animation_length": 0.6667,
			"bones": {
				"body": {
					"rotation": {
						"0.0": [0, 0, 0],
						"0.0833": {
							"pre": [0, -47.5, 0],
							"post": [0, -47.5, 0],
							"lerp_mode": "catmullrom"
						},
						"0.25": [0, 0, 0],
						"0.5833": [0, 0, 0]
					}
				},
				"arm_r": {
					"rotation": {
						"0.0": [0, 0, 0],
						"0.0833": {
							"pre": [-133.96199, 50.52743, -138.65445],
							"post": [-133.96199, 50.52743, -138.65445],
							"lerp_mode": "catmullrom"
						},
						"0.25": [17.94571, 34.97018, 158.51219],
						"0.375": [13.48641, 27.03139, 208.01203],
						"0.5833": [0, 0, 0]
					}
				},
				"sword": {
					"rotation": {
						"0.0": [0, 0, 0],
						"0.0833": {
							"pre": [34.80781, -24.44082, -9.15359],
							"post": [34.80781, -24.44082, -9.15359],
							"lerp_mode": "catmullrom"
						},
						"0.25": [-65.81711, 43.36563, 101.52577],
						"0.5833": [0, 0, 0]
					}
				},
				"arm_l": {
					"rotation": {
						"0.0": [0, 0, 0],
						"0.5833": [0, 0, 0]
					}
				}
			}
		},
		"animation.cultist_warrior_rat.attack_pierce": {
			"animation_length": 0.625,
			"bones": {
				"base": {
					"rotation": {
						"0.0": [0, 0, 0],
						"0.125": [-7.5, 0, 0],
						"0.2083": [15.61249, -36.46498, -9.42961],
						"0.2917": [12.5, 0, 0],
						"0.375": [0, 0, 0]
					}
				},
				"arm_r": {
					"rotation": {
						"0.0": [0, 0, 0],
						"0.125": [-35.43883, -47.70209, 104.97897],
						"0.3333": [54.74946, 65.15631, 118.58504],
						"0.4167": [30.46337, 49.68198, 97.84731],
						"0.625": [0, 0, 0]
					}
				},
				"sword": {
					"rotation": {
						"0.0": [0, 0, 0],
						"0.125": [32.90159, 3.93764, -51.41708],
						"0.3333": [-29.34257, 36.51887, 67.44861],
						"0.4167": [-29.34257, 36.51887, 67.44861],
						"0.625": [0, 0, 0]
					}
				},
				"arm_l": {
					"rotation": [0, 0, 0]
				}
			}
		},
		"animation.cultist_warrior_rat.run": {
			"loop": true,
			"bones": {
				"base": {
					"rotation": [7, "math.sin(q.anim_time * 450) * 4", "math.sin(q.anim_time * 450) * 1"],
					"position": [0, "math.sin(q.anim_time * 900) * 1.5", 0]
				},
				"arm_r": {
					"rotation": [-16.1524, 6.80442, "-0.9729+math.sin(q.anim_time * 450) * -10"]
				},
				"arm_l": {
					"rotation": [-13.95381, -5.57957, "math.sin(q.anim_time * 450) * -9.2625"]
				},
				"leg_r": {
					"rotation": ["math.sin(q.anim_time * 450) * -60", 0, 0]
				},
				"leg_l": {
					"rotation": ["math.sin(q.anim_time * 450) * 60", 0, 0]
				}
			}
		},
		"animation.cultist_warrior_rat.basic": {
			"loop": true,
			"bones": {
				"base": {
					"rotation": ["math.sin(q.anim_time * 80) * 1", 0, 0]
				}
			}
		}
	}
}