{
	"format_version": "1.8.0",
	"animations": {
		"animation.player.magic_dash": {
			"animation_length": 0.25,
			"bones": {
				"waist": {
					"rotation": {
						"0.0": [42.5, 0, 0],
						"0.25": [42.5, 0, 0]
					}
				},
				"leftArm": {
					"rotation": {
						"0.0": [0, -25, -15],
						"0.25": [0, -25, -15]
					}
				},
				"rightArm": {
					"rotation": {
						"0.0": [0, 25, 15],
						"0.25": [0, 25, 15]
					}
				},
				"leftLeg": {
					"rotation": {
						"0.0": [62.13918, 8.86042, -4.65468],
						"0.25": [62.13918, 8.86042, -4.65468]
					}
				},
				"rightLeg": {
					"rotation": {
						"0.0": [62.13918, -8.86042, 4.65468],
						"0.25": [62.13918, -8.86042, 4.65468]
					}
				}
			}
		},
		"animation.player.ghost_magic_dash_arm_fix": {
			"animation_length": 0.25,
			"bones": {
				"waist": {
					"position": {
						"0.0": [0, 10000, 0],
						"0.25": [0, 10000, 0]
					}
				},
				"leftLeg": {
					"position": {
						"0.0": [0, 10000, 0],
						"0.25": [0, 10000, 0]
					}
				},
				"rightLeg": {
					"position": {
						"0.0": [0, 10000, 0],
						"0.25": [0, 10000, 0]
					}
				}
			}
		}
	}
}