{
	"format_version": "1.8.0",
	"animations": {
		"animation.rat_in_bar_with_mandolin.play_and_dance": {
			"loop": true,
			"animation_length": 9.7917,
			"bones": {
				"all": {
					"rotation": ["math.sin(query.anim_time * 880 - 30) * 2", 0, 0],
					"position": [0, "-0.9981+math.sin(query.anim_time * 880 - 30) * 0.3", -0.06105]
				},
				"arm_r": {
					"rotation": {
						"0.0": [0, 0, 0],
						"1.6667": [0, 0, 0],
						"2.0": [26.00227, -6.46106, -13.41532],
						"3.7917": [26, -6.46, -13.42],
						"4.0417": [2.9622, -1.02635, -1.3605],
						"5.7917": [2.9622, -1.02635, -1.3605],
						"6.0417": [-0.00519, -0.00404, -0.00363],
						"7.875": [-0.00519, -0.00404, -0.00363],
						"8.125": [19.01845, -5.26301, -9.53726],
						"9.5417": [19.02, -5.26, -9.54],
						"9.75": [0, 0, 0]
					}
				},
				"hand1": {
					"rotation": [0, 0, "math.sin(query.anim_time * 2000) * (20 + (10 * math.sin(q.anim_time * 150)))"]
				},
				"arm_l": {
					"rotation": {
						"0.0": [0, 0, 0],
						"1.6667": [0, 0, 0],
						"2.0": [-11.17346, 21.28058, -8.03086],
						"3.75": [-11.17346, 21.28058, -8.03086],
						"4.0": [0, 0, 0],
						"5.7917": [0, 0, 0],
						"6.0": [37.02056, 1.66707, 47.97259],
						"7.875": [37.02, 1.67, 47.97],
						"8.125": [21.54625, 21.98606, 22.24308],
						"9.5417": [21.54625, 21.98606, 22.24308],
						"9.7917": [0, 0, 0]
					}
				},
				"hand2": {
					"rotation": {
						"0.0": [0, 0, 0],
						"1.6667": [0, 0, 0],
						"2.0417": [0, -7.5, 0],
						"3.7917": [0, -7.5, 0],
						"4.0": [1.20148, -24.43019, 12.40905],
						"5.7917": [1.20148, -24.43019, 12.40905],
						"6.0": [24.01399, 1.72777, -6.42968],
						"7.875": [24.01, 1.73, -6.43],
						"8.125": [24.01, 1.73, -6.43],
						"9.5417": [24.01, 1.73, -6.43],
						"9.7917": [0, 0, 0]
					}
				},
				"head": {
					"rotation": ["-math.sin(query.anim_time * 880) * 10 ", 0, 0]
				},
				"l_ear": {
					"rotation": [0, 0, "17.5-math.sin(query.anim_time * 880) * 10"]
				},
				"r_ear": {
					"rotation": [0, 0, "-17.5 + math.sin(query.anim_time * 880) * 10"]
				},
				"leg_l": {
					"rotation": ["-23.219-math.sin(query.anim_time * 880) * 0.6", 8.71308, -7.08276]
				},
				"leftKnee": {
					"rotation": [-1.6094, -0.24894, -0.04345]
				},
				"foot2": {
					"rotation": ["22.8556 + -math.sin(query.anim_time * 880) * -1", -5.90591, 2.40725]
				},
				"leg_r": {
					"rotation": ["6.1277-math.sin(query.anim_time * 880) * 0.6", -5.79402, 0.6187]
				},
				"rightKnee": {
					"rotation": ["18.9887 - math.sin(query.anim_time * 880 - 30) * 2", -2.22606, -1.05387]
				},
				"foot": {
					"rotation": ["-23.4943 + math.sin(query.anim_time * 880 - 30) * 2.8", 0.88529, 2.26612]
				}
			}
		}
	}
}