{
	"format_version": "1.8.0",
	"animations": {
		"animation.tsugunder_in_bar.research": {
			"loop": true,
			"animation_length": 5,
			"bones": {
				"all": {
					"rotation": [0, 0, 0],
					"position": [0, 0, -1]
				},
				"arm_r": {
					"rotation": {
						"0.0": [-35.3335, 13.47157, -4.30856],
						"3.875": [-35.82566, 10.91806, -19.18937],
						"4.5833": [-35.83, 10.92, -19.19],
						"5.0": [-35.3335, 13.47157, -4.30856]
					}
				},
				"hand1": {
					"rotation": {
						"0.0": [-67.67713, 38.46094, -72.46789],
						"0.3333": [-63.6504, 38.19709, -72.41946],
						"0.625": [-65.05748, 38.28365, -72.4472],
						"0.9167": [-56.19212, 37.705, -72.36776],
						"1.2917": [-60.44, 37.98137, -72.40435],
						"1.5": [-52.10821, 37.43207, -72.36998],
						"1.9167": [-41.83666, 36.74937, -72.46057],
						"2.2917": [-43.43, 36.86, -72.44],
						"2.6667": [-45.02, 36.97, -72.42],
						"2.9583": [-56.22022, 37.71299, -72.37068],
						"3.875": [-50.14384, 37.30708, -72.34926],
						"4.5833": {
							"pre": [-61.21126, 33.13777, -74.04689],
							"post": [-61.21126, 33.13777, -74.04689],
							"lerp_mode": "catmullrom"
						},
						"5.0": [-67.67713, 38.46094, -72.46789]
					}
				},
				"arm_l": {
					"rotation": [-16.24074, -6.60796, 0.94387]
				},
				"hand2": {
					"rotation": [-46.0609, 3.43121, 18.30659]
				},
				"head": {
					"rotation": {
						"0.0": [22.5, 0, 0],
						"2.5833": {
							"pre": [30.40383, -21.11066, -24.93089],
							"post": [30.40383, -21.11066, -24.93089],
							"lerp_mode": "catmullrom"
						},
						"4.5833": {
							"post": [30.40383, -21.11066, -24.93089],
							"lerp_mode": "catmullrom"
						},
						"5.0": [22.5, 0, 0]
					}
				},
				"feather": {
					"rotation": [0, "math.sin(query.anim_time * 800) * 3", 0]
				}
			}
		},
		"animation.tsugunder_in_bar.bob": {
			"loop": true,
			"bones": {
				"all": {
					"rotation": ["math.sin(query.anim_time * 40) * 1", 0, 0]
				},
				"l_ear": {
					"rotation": [0, 0, "-math.sin(query.anim_time * 80) * 5"]
				},
				"r_ear": {
					"rotation": [0, 0, "math.sin(query.anim_time * 80) * 5"]
				}
			}
		}
	}
}