{
	"format_version": "1.8.0",
	"animations": {
		"animation.player.dance_if_you_wanna_dance_artur_pirojkov": {
			"animation_length": 15,
			"bones": {
				"waist": {
					"rotation": {
						"0.0": [0, 0, 0],
						"0.6667": [0, 0, 0],
						"0.75": [0, -2.5, 0],
						"1.0": [0, 22.5, 0],
						"1.75": [0, 0, 0]
					}
				},
				"body": {
					"rotation": {
						"0.0": [0, 0, 0],
						"0.1667": [-2.5, 0, 0],
						"0.75": [-2.5, 0, 0],
						"0.9583": [-7.47864, 0.32621, 7.49294],
						"1.0833": [-7.48, 0.33, 7.49],
						"1.375": [-7.48, 0.33, 7.49],
						"1.75": [0, 0, 0]
					},
					"position": {
						"0.0": [0, 0, 0],
						"0.1667": [0, 0, 0.6],
						"0.3333": {
							"pre": [0, -0.4, 0.35],
							"post": [0, -0.4, 0.35],
							"lerp_mode": "catmullrom"
						},
						"0.5417": [0, 0, 0.6],
						"0.75": {
							"pre": [0, -0.4, 0.35],
							"post": [0, -0.4, 0.35],
							"lerp_mode": "catmullrom"
						},
						"0.9583": [1.675, -0.4, 2.7],
						"1.0833": [1.68, -0.4, 2.7],
						"1.375": [1.68, -1.1, 2.3],
						"1.75": [0, 0, 0]
					}
				},
				"head": {
					"rotation": {
						"0.0": [0, 0, 0],
						"0.1667": [-5, 0, 0],
						"0.375": [12.5, 0, 0],
						"0.75": [0, 0, 0]
					}
				},
				"leftArm": {
					"rotation": {
						"0.0": [0, 0, 0],
						"0.1667": [-137.5, 0, 0],
						"0.3333": {
							"pre": [-132.5, 0, 0],
							"post": [-132.5, 0, 0],
							"lerp_mode": "catmullrom"
						},
						"0.5417": {
							"post": [-137.5, 0, 0],
							"lerp_mode": "catmullrom"
						},
						"0.5833": [-128.60114, 0, 0],
						"0.625": [-96.54027, 0, 0],
						"0.6667": [-48.45973, 0, 0],
						"0.7083": [-16.39886, 0, 0],
						"0.75": [-7.5, 0, 0],
						"0.7917": [-9.60735, 1.83913, 1.29383],
						"0.8333": [-14.71646, 6.29795, 4.43061],
						"0.875": [-21.53397, 12.24772, 8.61627],
						"0.9583": [-36.73451, 25.51353, 17.94878],
						"1.0": [-43.55202, 31.4633, 22.13444],
						"1.0417": [-48.66113, 35.92212, 25.27122],
						"1.0833": [-50.76848, 37.76124, 26.56505],
						"1.3333": [-19.86064, 33.24645, 2.56061],
						"1.5417": [-33.26848, 37.76124, 26.56505],
						"1.75": [0, 0, 0]
					},
					"position": {
						"0.6667": [0, 0, 0],
						"0.7917": [0, -0.6, 0],
						"0.9167": [0, 0, 0]
					}
				},
				"rightArm": {
					"rotation": {
						"0.0": [0, 0, 0],
						"0.1667": [-137.5, 0, 0],
						"0.3333": {
							"pre": [-127.5, 0, 0],
							"post": [-127.5, 0, 0],
							"lerp_mode": "catmullrom"
						},
						"0.5417": {
							"post": [-137.5, 0, 0],
							"lerp_mode": "catmullrom"
						},
						"0.5833": [-128.60114, 0, 0],
						"0.625": [-96.54027, 0, 0],
						"0.6667": [-48.45973, 0, 0],
						"0.7083": [-16.39886, 0, 0],
						"0.75": [-7.5, 0, 0],
						"0.7917": [-9.54822, 1.63088, 0.87508],
						"0.8333": [-14.51397, 5.58482, 2.99663],
						"0.875": [-21.14017, 10.86088, 5.82759],
						"0.9583": [-35.91418, 22.62457, 12.13959],
						"1.0": [-42.54039, 27.90063, 14.97055],
						"1.0417": [-47.50613, 31.85457, 17.0921],
						"1.0833": [-49.55435, 33.48545, 17.96717],
						"1.375": [-14.55, 33.49, 17.97],
						"1.5417": [-49.55435, 33.48545, 17.96717],
						"1.75": [0, 0, 0]
					},
					"position": {
						"0.6667": [0, 0, 0],
						"0.7917": [0, -0.7, 0],
						"0.9167": [0, 0, 0]
					}
				},
				"leftLeg": {
					"rotation": {
						"0.0": [0, 0, 0],
						"0.2083": [0, -7.5, 0],
						"0.75": [0, -7.5, 0],
						"1.0833": [-0.65245, 2.52805, 4.92866],
						"1.375": [-0.76217, 2.49719, 2.42644]
					}
				},
				"rightLeg": {
					"rotation": {
						"0.0": [0, 0, 0],
						"0.2083": [0, 5, 0],
						"0.75": [0, 5, 0],
						"1.0833": {
							"pre": [-50.01566, 33.59387, 21.71411],
							"post": [-50.01566, 33.59387, 21.71411],
							"lerp_mode": "catmullrom"
						},
						"1.125": [-48.54221, 33.59366, 21.71389],
						"1.1667": [-44.64886, 33.59312, 21.71331],
						"1.2083": [-39.2346, 33.59235, 21.7125],
						"1.25": [-33.30107, 33.59152, 21.71161],
						"1.2917": [-27.8868, 33.59076, 21.7108],
						"1.3333": [-23.99346, 33.59021, 21.71022],
						"1.375": [-22.52, 33.59, 21.71],
						"1.4167": [-24.74986, 33.59031, 21.71033],
						"1.5": [-47.7858, 33.59356, 21.71378],
						"1.5417": {
							"pre": [-50.01566, 33.59387, 21.71411],
							"post": [-50.01566, 33.59387, 21.71411],
							"lerp_mode": "catmullrom"
						},
						"1.75": [-2.5, 17.5, 0]
					}
				}
			}
		}
	}
}