{
	"format_version": "1.8.0",
	"animations": {
		"animation.player.hacksaw": {
			"animation_length": 1,
			"bones": {
				"head": {
					"rotation": {
						"0.0": [0, 0, 0],
						"0.1667": [30, 0, 0],
						"0.8333": [30, 0, 0],
						"1.0": [0, 0, 0]
					}
				},
				"rightArm": {
					"rotation": {
						"0.0": [0, 0, 0],
						"0.1667": [-32.37559, -61.09544, 29.03199],
						"0.2917": [-2.38, -61.1, 29.03],
						"0.4583": [-49.16, -61.1, 29.03],
						"0.5833": [-2.38, -61.1, 29.03],
						"0.75": [-49.16, -61.1, 29.03],
						"0.8333": [-32.37559, -61.09544, 29.03199],
						"1.0": [0, 0, 0]
					}
				},
				"rightItem": {
					"rotation": {
						"0.1667": [0, 0, 0],
						"0.2917": [-15, 0, 0],
						"0.4583": [15, 0, 0],
						"0.5833": [-15, 0, 0],
						"0.75": [15, 0, 0],
						"0.8333": [0, 0, 0]
					}
				}
			}
		},
		"animation.player.break_limb": {
			"animation_length": 0.625,
			"bones": {
				"body": {
					"rotation": {
						"0.0": [0, 0, 0],
						"0.1667": [-2.5, 0, 0],
						"0.2917": [18.37, 0, 0],
						"0.625": [0, 0, 0]
					},
					"position": {
						"0.0": [0, 0, 0],
						"0.1667": [0, 0, 0.475],
						"0.2917": [0, 0, -3.79],
						"0.625": [0, 0, 0]
					}
				},
				"head": {
					"rotation": {
						"0.0": [0, 0, 0],
						"0.1667": [-10, 0, 10],
						"0.2917": [7.5, 0, 7.5],
						"0.625": [0, 0, 0]
					}
				},
				"rightArm": {
					"rotation": {
						"0.0": [0, 0, 0],
						"0.1667": [58.43686, -1.1106, 58.51409],
						"0.2083": [-52.25798, -15.93035, 33.52365],
						"0.2917": [-88.13201, -1.30752, 46.35868],
						"0.625": [0, 0, 0]
					},
					"position": {
						"0.0": [0, 0, 0],
						"0.1667": [0, 0, 2],
						"0.2083": [0, 0, 3.7],
						"0.2917": [0, 0, -2.17],
						"0.625": [0, 0, 0]
					}
				}
			}
		},
		"animation.player.stab": {
			"animation_length": 0.5,
			"bones": {
				"body": {
					"rotation": {
						"0.0": [0, 0, 0],
						"0.2083": [-13.4502, -41.70738, 9.04107],
						"0.3333": [-10.83582, 46.34856, -6.43871],
						"0.5": [0, 0, 0]
					},
					"position": {
						"0.0": [0, 0, 0],
						"0.2083": [0, 0, 2.075],
						"0.5": [0, 0, 0]
					}
				},
				"head": {
					"rotation": {
						"0.0": [0, 0, 0],
						"0.2083": [7.5, 37.5, 0],
						"0.375": [3.94674, -9.09821, -2.11018],
						"0.5": [0, 0, 0]
					},
					"position": {
						"0.0": [0, 0, 0],
						"0.5": [0, 0, 0]
					}
				},
				"leftArm": {
					"rotation": {
						"0.0": [0, 0, 0],
						"0.2083": [25, 0, 0],
						"0.375": [-18.61, 0, 0],
						"0.5": [0, 0, 0]
					},
					"position": {
						"0.0": [0, 0, 0],
						"0.5": [0, 0, 0]
					}
				},
				"rightArm": {
					"rotation": {
						"0.0": [0, 0, 0],
						"0.2083": [-148.53364, -18.25646, 83.45659],
						"0.2917": [-151.03364, -18.25646, 83.45659],
						"0.375": [36.06994, 3.07603, 71.53917],
						"0.5": [0, 0, 0]
					},
					"position": {
						"0.0": [0, 0, 0],
						"0.2083": [0, 0, 0],
						"0.2917": [0, 0, -7],
						"0.375": [0, 0, 0],
						"0.5": [0, 0, 0]
					}
				},
				"rightLeg": {
					"rotation": {
						"0.0": [0, 0, 0],
						"0.5": [0, 0, 0]
					}
				},
				"leftLeg": {
					"rotation": {
						"0.0": [0, 0, 0],
						"0.125": [15, 0, 0],
						"0.5": [0, 0, 0]
					},
					"position": {
						"0.0": [0, 0, 0],
						"0.2083": [0, 0, 1],
						"0.5": [0, 0, 0]
					}
				}
			}
		}
	}
}