{
	"format_version": "1.8.0",
	"animations": {
		"animation.sneeze.1": {
			"animation_length": 1.16667,
			"bones": {
				"body": {
					"rotation": {
						"0.0": [0, 0, 0],
						"0.5417": [-7.5, 0, 0],
						"0.7083": [10, 0, 0],
						"0.75": [9.61236, 0, 0],
						"0.7917": [8.81158, 0, 0],
						"0.8333": [7.81995, 0, 0],
						"1.0417": [2.1809, 0, 0],
						"1.0833": [1.18915, 0, 0],
						"1.125": [0.38816, 0, 0],
						"1.1667": [0, 0, 0]
					},
					"position": {
						"0.0": [0, 0, 0],
						"0.5417": [0, 0, 2],
						"0.7083": [0, 0, -2],
						"0.75": [0, 0, -1.92247],
						"0.7917": [0, 0, -1.76232],
						"0.8333": [0, 0, -1.56399],
						"0.875": [0, 0, -1.34529],
						"1.0": [0, 0, -0.65489],
						"1.0417": [0, 0, -0.43618],
						"1.0833": [0, 0, -0.23783],
						"1.125": [0, 0, -0.07763],
						"1.1667": [0, 0, 0]
					}
				},
				"head": {
					"rotation": {
						"0.0": [0, 0, 0],
						"0.0417": [-0.68724, 0, 0],
						"0.0833": [-2.01538, 0, 0],
						"0.125": [-3.61345, 0, 0],
						"0.375": [-14.64245, 0, 0],
						"0.4167": [-16.38655, 0, 0],
						"0.4583": [-17.98462, 0, 0],
						"0.5": [-19.31276, 0, 0],
						"0.5417": [-20, 0, 0],
						"0.5833": [-17.58851, 0, 0],
						"0.625": [-11.21657, 0, 0],
						"0.6667": [-2.35547, 0, 0],
						"0.7083": [7.35547, 0, 0],
						"0.75": [16.21657, 0, 0],
						"0.7917": {
							"pre": [22.58851, 0, 0],
							"post": [22.58851, 0, 0],
							"lerp_mode": "catmullrom"
						},
						"0.8333": {
							"post": [25, 0, 0],
							"lerp_mode": "catmullrom"
						},
						"0.875": [23.78248, 0, 0],
						"0.9167": [20.83089, 0, 0],
						"0.9583": [16.89245, 0, 0],
						"1.0417": [8.11095, 0, 0],
						"1.0833": [4.17194, 0, 0],
						"1.125": [1.2193, 0, 0],
						"1.1667": [0, 0, 0]
					}
				},
				"leftArm": {
					"rotation": {
						"0.0": [0, 0, 0],
						"0.0417": [0.42952, 0, 0],
						"0.0833": [1.25962, 0, 0],
						"0.375": [9.15153, 0, 0],
						"0.4583": [11.24038, 0, 0],
						"0.5": [12.07048, 0, 0],
						"0.5417": [12.5, 0, 0],
						"0.5833": [10.91712, 0, 0],
						"0.625": [7.07954, 0, 0],
						"0.6667": [1.95875, 0, 0],
						"0.75": [-9.45875, 0, 0],
						"0.7917": {
							"pre": [-14.57954, 0, 0],
							"post": [-14.57954, 0, 0],
							"lerp_mode": "catmullrom"
						},
						"0.8333": {
							"post": [-18.41712, 0, 0],
							"lerp_mode": "catmullrom"
						},
						"0.875": {
							"post": [-20, 0, 0],
							"lerp_mode": "catmullrom"
						},
						"0.9167": [-18.92823, 0, 0],
						"0.9583": [-16.09626, 0, 0],
						"1.0": [-12.15799, 0, 0],
						"1.0417": [-7.84201, 0, 0],
						"1.0833": [-3.90374, 0, 0],
						"1.125": [-1.07177, 0, 0],
						"1.1667": [0, 0, 0]
					}
				},
				"rightArm": {
					"rotation": {
						"0.0": [0, 0, 0],
						"0.0417": [0.42952, 0, 0],
						"0.0833": {
							"pre": [1.25962, 0, 0],
							"post": [1.25962, 0, 0],
							"lerp_mode": "catmullrom"
						},
						"0.5417": {
							"post": [-71.4982, -38.56239, -32.45763],
							"lerp_mode": "catmullrom"
						},
						"0.8333": {
							"post": [-71.4982, -38.56239, -32.45763],
							"lerp_mode": "catmullrom"
						},
						"0.875": [-68.01594, -36.68425, -30.87681],
						"0.9167": [-59.57349, -32.13083, -27.04424],
						"0.9583": [-48.30803, -26.05483, -21.93012],
						"1.0417": [-23.19017, -12.50757, -10.52751],
						"1.0833": [-11.92471, -6.43157, -5.41339],
						"1.125": [-3.48226, -1.87815, -1.58082],
						"1.1667": [0, 0, 0]
					}
				},
				"jacket": {
					"rotation": {
						"0.1667": [0, 0, 0],
						"0.5417": [0, 0, 0]
					}
				}
			}
		},
		"animation.sneeze.2": {
			"animation_length": 1.5,
			"bones": {
				"head": {
					"rotation": {
						"0.0": [0, 0, 0],
						"0.25": {
							"pre": [0, 0, 0],
							"post": [0, 0, 0],
							"lerp_mode": "catmullrom"
						},
						"0.2917": [-0.85566, 1.02679, 0],
						"0.3333": [-3.93844, 4.72612, 0],
						"0.375": [-8.56156, 10.27388, 0],
						"0.4167": [-11.64434, 13.97321, 0],
						"0.4583": [-12.5, 15, 0],
						"0.5": [-10.42244, 17.50688, -0.126],
						"0.5417": [-4.22999, 24.97895, -0.50158],
						"0.625": [13.91442, 46.87278, -1.60203],
						"0.6667": [20.10687, 54.34486, -1.9776],
						"0.7083": [22.18444, 56.85174, -2.10361],
						"1.0833": {
							"pre": [22.18444, 56.85174, -2.10361],
							"post": [22.18444, 56.85174, -2.10361],
							"lerp_mode": "catmullrom"
						},
						"1.5": [0, 0, 0]
					}
				},
				"leftArm": {
					"rotation": {
						"0.0": [0, 0, 0],
						"1.5": [0, 0, 0]
					}
				},
				"rightArm": {
					"rotation": {
						"0.0": [0, 0, 0],
						"0.25": {
							"pre": [0, 0, 0],
							"post": [0, 0, 0],
							"lerp_mode": "catmullrom"
						},
						"0.2917": [-5.22094, -2.04326, -1.29441],
						"0.3333": [-20.78262, -8.13348, -5.15256],
						"0.5417": [-66.3797, -25.97834, -16.45728],
						"0.625": [-87.29311, -24.74505, -21.1739],
						"0.7917": [-87.47517, -11.70752, -20.56713],
						"0.9167": {
							"pre": [-87.65059, 0.85481, -19.98247],
							"post": [-87.65059, 0.85481, -19.98247],
							"lerp_mode": "catmullrom"
						},
						"1.125": {
							"post": [-57.65059, 0.85481, -19.98247],
							"lerp_mode": "catmullrom"
						},
						"1.2917": [0, 0, 0]
					}
				}
			}
		},
		"animation.cough.1": {
			"animation_length": 2,
			"bones": {
				"body": {
					"rotation": {
						"0.0": [0, 0, 0],
						"0.125": [7.5, 0, 0],
						"0.25": [5, 0, 0],
						"0.375": {
							"pre": [7.5, 0, 0],
							"post": [7.5, 0, 0],
							"lerp_mode": "catmullrom"
						},
						"0.5": [10, 0, 0],
						"0.9167": [0, 0, 0]
					},
					"position": {
						"0.0": [0, 0, 0],
						"0.125": [0, 0, -1.475],
						"0.25": [0, 0, -1.05],
						"0.375": {
							"pre": [0, 0, -1.475],
							"post": [0, 0, -1.475],
							"lerp_mode": "catmullrom"
						},
						"0.5": [0, 0, -2.1],
						"0.9167": [0, 0, 0]
					}
				},
				"head": {
					"rotation": {
						"0.0": {
							"post": [0, 0, 0],
							"lerp_mode": "catmullrom"
						},
						"0.2917": [30, 0, 0],
						"0.9167": {
							"pre": [0, 0, 0],
							"post": [0, 0, 0],
							"lerp_mode": "catmullrom"
						}
					}
				},
				"rightArm": {
					"rotation": {
						"0.0": [0, 0, 0],
						"0.125": [-40, 0, 0],
						"0.2917": [-56.6595, -38.84169, -39.71489],
						"0.6667": [-56.66, -38.84, -39.71],
						"0.9167": [0, 0, 0]
					}
				}
			}
		},
		"animation.cough.2": {
			"animation_length": 1,
			"bones": {
				"body": {
					"rotation": {
						"0.0": [0, 0, 0],
						"0.0833": [0, 0, 0],
						"0.25": {
							"pre": [5, 0, 0],
							"post": [5, 0, 0],
							"lerp_mode": "catmullrom"
						},
						"0.5": {
							"post": [5, 0, 0],
							"lerp_mode": "catmullrom"
						},
						"0.75": [0, 0, 0]
					},
					"position": {
						"0.0833": [0, 0, 0],
						"0.25": {
							"pre": [0, 0, -1.15],
							"post": [0, 0, -1.15],
							"lerp_mode": "catmullrom"
						},
						"0.5": {
							"post": [0, 0, -1.15],
							"lerp_mode": "catmullrom"
						},
						"0.75": [0, 0, 0]
					}
				},
				"head": {
					"rotation": {
						"0.0": [0, 0, 0],
						"0.125": {
							"pre": [8.75, 17.5, 0],
							"post": [8.75, 17.5, 0],
							"lerp_mode": "catmullrom"
						},
						"0.1667": [10.6822, 19.30339, 0],
						"0.2083": [25.5678, 33.19661, 0],
						"0.25": [27.5, 35, 0],
						"0.375": {
							"pre": [27.5, 35, 0],
							"post": [27.5, 35, 0],
							"lerp_mode": "catmullrom"
						},
						"0.5833": {
							"post": [27.5, 35, 0],
							"lerp_mode": "catmullrom"
						},
						"0.625": [25.26979, 32.16155, 0],
						"0.7083": [2.23021, 2.83845, 0],
						"0.75": [0, 0, 0]
					}
				},
				"rightArm": {
					"rotation": [0, 0, 0]
				}
			}
		}
	}
}