{
	"format_version": "1.8.0",
	"animations": {
		"animation.arx.staff_a": {
			"animation_length": 1,
			"bones": {
				"rightArm": {
					"rotation": {
						"0.0": [0, 0, 0],
						"0.1667": [50.83, 0, 0],
						"0.3333": [-94.76968, 1.50179, 17.43745],
						"0.5": [-94.76968, 1.50179, 17.43745],
						"0.6667": [-52.77334, -8.70625, 88.03133],
						"0.75": [45.42, -6.53, 66.02],
						"1.0": [0, 0, 0]
					}
				},
				"head": {
					"rotation": {
						"0.0": [0, 0, 0],
						"0.25": [1.6575, 12.39135, 7.67995],
						"1.0": [0, 0, 0]
					}
				},
				"waist": {
					"rotation": {
						"0.0": [0, 0, 0],
						"0.25": [0, -17.5, 0],
						"1.0": [0, 0, 0]
					}
				}
			}
		},
		"animation.arx.no": {
			"animation_length": 0.58333,
			"bones": {
				"head": {
					"rotation": {
						"0.0": [0, 0, 0],
						"0.1667": {
							"pre": [0, -20, 0],
							"post": [0, -20, 0],
							"lerp_mode": "catmullrom"
						},
						"0.3333": {
							"post": [0, 20, 0],
							"lerp_mode": "catmullrom"
						},
						"0.5": [0, 0, 0]
					}
				}
			}
		}
	}
}