{
	"format_version": "1.8.0",
	"animations": {
		"animation.whipping_dummy.on_hit1": {
			"animation_length": 0.75,
			"bones": {
				"bb_main": {
					"rotation": {
						"0.0": [0, 0, 0],
						"0.4583": [0, 0, 0]
					}
				},
				"bone4": {
					"rotation": {
						"0.0": [0, 0, 0],
						"0.0417": {
							"pre": [0, -30, 0],
							"post": [0, -30, 0],
							"lerp_mode": "catmullrom"
						},
						"0.4583": [0, 10, 0],
						"0.7083": [0, 0, 0]
					}
				},
				"head": {
					"rotation": {
						"0.0": [0, 0, 0],
						"0.0417": {
							"pre": [17.5, 0, 0],
							"post": [17.5, 0, 0],
							"lerp_mode": "catmullrom"
						},
						"0.3333": [-5, 0, 0],
						"0.7083": [0, 0, 0]
					}
				},
				"main": {
					"rotation": {
						"0.0": [0, 0, 0],
						"0.0417": {
							"pre": [-7.5, 0, 0],
							"post": [-7.5, 0, 0],
							"lerp_mode": "catmullrom"
						},
						"0.4583": {
							"post": [2.5, 0, 0],
							"lerp_mode": "catmullrom"
						},
						"0.7083": [0, 0, 0]
					}
				},
				"bone": {
					"rotation": {
						"0.0": [0, 0, 0],
						"0.0417": {
							"pre": [0, 30, 0],
							"post": [0, 30, 0],
							"lerp_mode": "catmullrom"
						},
						"0.4583": [0, -10, 0],
						"0.7083": [0, 0, 0]
					}
				}
			}
		},
		"animation.whipping_dummy.on_hit2": {
			"animation_length": 0.75,
			"bones": {
				"bb_main": {
					"scale": 1
				},
				"head": {
					"rotation": {
						"0.0": [0, 0, 0],
						"0.0417": {
							"pre": [0, 0, 17.5],
							"post": [0, 0, 17.5],
							"lerp_mode": "catmullrom"
						},
						"0.0833": [0, 0, 15.61753],
						"0.125": [0, 0, 8.83521],
						"0.1667": [0, 0, -1.33596],
						"0.2083": [0, 0, -8.11785],
						"0.25": [0, 0, -10],
						"0.2917": [0, 0, -9.63595],
						"0.3333": [0, 0, -8.91028],
						"0.5833": [0, 0, -2.94456],
						"0.6667": [0, 0, -1.08972],
						"0.7083": [0, 0, -0.36405],
						"0.75": [0, 0, 0]
					}
				},
				"bone4": {
					"rotation": {
						"0.0": [0, 0, 0],
						"0.0417": {
							"pre": [0, 0, -7.5],
							"post": [0, 0, -7.5],
							"lerp_mode": "catmullrom"
						},
						"0.375": [0, 0, -10],
						"0.75": [0, 0, 0]
					}
				},
				"main": {
					"rotation": {
						"0.0": [0, 0, 0],
						"0.0417": {
							"pre": [-4.87248, -2.8216, -7.38721],
							"post": [-4.87248, -2.8216, -7.38721],
							"lerp_mode": "catmullrom"
						},
						"0.4167": [0, 0, 5],
						"0.75": [0, 0, 0]
					}
				},
				"bone": {
					"rotation": {
						"0.0": [0, 0, 0],
						"0.0417": [0, 0, 27.5],
						"0.3333": [0, 0, -10],
						"0.75": [0, 0, 0]
					}
				}
			}
		},
		"animation.whipping_dummy.on_hit3": {
			"animation_length": 0.7917,
			"bones": {
				"head": {
					"rotation": {
						"0.0": [0, 0, 0],
						"0.0417": {
							"pre": [0, 0, -17.5],
							"post": [0, 0, -17.5],
							"lerp_mode": "catmullrom"
						},
						"0.0833": [0, 0, -15.61753],
						"0.125": [0, 0, -8.83521],
						"0.1667": [0, 0, 1.33596],
						"0.2083": [0, 0, 8.11785],
						"0.25": [0, 0, 10],
						"0.2917": [0, 0, 9.63595],
						"0.3333": [0, 0, 8.91028],
						"0.5833": [0, 0, 2.94456],
						"0.6667": [0, 0, 1.08972],
						"0.7083": [0, 0, 0.36405],
						"0.75": [0, 0, 0]
					}
				},
				"bone4": {
					"rotation": {
						"0.0": [0, 0, 0],
						"0.0417": {
							"pre": [0, 0, 7.5],
							"post": [0, 0, 7.5],
							"lerp_mode": "catmullrom"
						},
						"0.375": [0, 0, 10],
						"0.75": [0, 0, 0]
					}
				},
				"main": {
					"rotation": {
						"0.0": [0, 0, 0],
						"0.0417": {
							"pre": [-2.5, 0, 7.38721],
							"post": [-2.5, 0, 7.38721],
							"lerp_mode": "catmullrom"
						},
						"0.4167": [0, 0, -2.5],
						"0.75": [0, 0, 0]
					}
				},
				"bone": {
					"rotation": {
						"0.0": [0, 0, 0],
						"0.0417": [0, 0, -27.5],
						"0.3333": [0, 0, 10],
						"0.75": [0, 0, 0]
					}
				}
			}
		},
		"animation.whipping_dummy.on_hit4": {
			"animation_length": 1,
			"bones": {
				"head": {
					"rotation": {
						"0.0": [0, 0, 0],
						"0.0417": {
							"pre": [32.5, 0, 0],
							"post": [32.5, 0, 0],
							"lerp_mode": "catmullrom"
						},
						"0.3333": {
							"post": [-15, 0, 0],
							"lerp_mode": "catmullrom"
						},
						"0.7917": [0, 0, 0]
					}
				},
				"bone4": {
					"rotation": {
						"0.0": [0, 0, 0],
						"0.0417": [0, -45, 0],
						"0.375": [0, 15, 0],
						"0.7917": [0, 0, 0]
					}
				},
				"main": {
					"rotation": {
						"0.0": [0, 0, 0],
						"0.0417": {
							"pre": [-12.5, 0, 0],
							"post": [-12.5, 0, 0],
							"lerp_mode": "catmullrom"
						},
						"0.4167": {
							"post": [5, 0, 0],
							"lerp_mode": "catmullrom"
						},
						"1.0": [0, 0, 0]
					}
				},
				"bone": {
					"rotation": {
						"0.0": [0, 0, 0],
						"0.0417": [0, 45, 0],
						"0.375": [0, -15, 0],
						"0.7917": [0, 0, 0]
					}
				}
			}
		}
	}
}